<?xml version="1.0" encoding="utf-8"?>
<ManagerOptions>

	<Spacer description="Routing Commands"/>
	<Command description="Send RREQ">
		<CommandLine value="rreq %dest%" mode="DEFAULT|PRIVILEGED"/>
		<StringOption name="dest" description="Destination (XX:XX:XX:XX:XX:XX)"/>
	</Command>
	
	<Spacer description="Data Tables"/>
	<Command description="Routing Table">
		<CommandLine value="print rt" mode="DEFAULT|PRIVILEGED"/>
	</Command>

	<Spacer description="Interface Settings"/>
	<Property description="Mesh Interfaces">
		<GetterCommand>
			<CommandLine value="show meshifs" mode="DEFAULT|PRIVILEGED"/>
		</GetterCommand>
		<SetterCommand>
			<CommandLine value="interface mesh %if%" mode="CONFIG"/>
			<StringOption name="if" description="Interface (e.g. wlan0)"/>
		</SetterCommand>
	</Property>
	<Property description="System Interface">
		<GetterCommand>
			<CommandLine value="show sysif" mode="DEFAULT|PRIVILEGED"/>
		</GetterCommand>
		<SetterCommand>
			<CommandLine value="interface sys %if% %ip% %mask% %mtu%" mode="CONFIG"/>
			<StringOption name="if" description="Interface (e.g. tap0)"/>
			<StringOption name="ip" description="IP (e.g. 192.168.5.99)"/>
			<StringOption name="mask" description="Netmask (e.g. 255.255.255.0)"/>
			<IntegerOption name="mtu" minValue="576" maxValue="1500" description="MTU (optional)"/>
		</SetterCommand>
	</Property>

	<Spacer description="Logging"/>
	<Command description="Show Logging">
		<CommandLine value="show logging" mode="DEFAULT|PRIVILEGED"/>
	</Command>
	<Property description="Log Level">
		<GetterCommand>
			<CommandLine value="show loglevel" mode="DEFAULT|PRIVILEGED"/>
		</GetterCommand>
		<SetterCommand>
			<CommandLine value="loglevel %level%" mode="CONFIG"/>
			<ListOption name="level" description="Log Level">
				<Item value="debug"/>
				<Item value="info"/>
				<Item value="notice"/>
				<Item value="warning"/>
				<Item value="error"/>
				<Item value="critical"/>
				<Item value="mergency"/>
				<!-- full name is not used at all instead the first character counts -->
			</ListOption>
		</SetterCommand>
	</Property>
	<Command description="Verbose Messages">
		<CommandLine value="set verbose %value%" mode="CONFIG"/>
		<BooleanOption name="value" falseValue="0" trueValue="1" description="Use Verbose Messages"/>
	</Command>
	<Command description="Disable Ringbuffer Logging">
		<CommandLine value="no logging ringbuffer" mode="CONFIG"/>
	</Command>
	<Command description="Enable Ringbuffer Logging">
		<CommandLine value="logging ringbuffer %max_lines%" mode="CONFIG"/>
		<IntegerOption name="max_lines" minValue="1" maxValue="64" description="Lines to log"/>
	</Command>
	<Spacer description="Informational"/>
	<Command description="Show Dessert-Info">
		<CommandLine value="show dessert-info" mode="DEFAULT|PRIVILEGED"/>
	</Command>
	<Command description="Command History">
		<CommandLine value="history" mode="DEFAULT|PRIVILEGED|CONFIG"/>
	</Command>
	
</ManagerOptions>
